"filename", "language", "HTML", "TypeScript", "PostCSS", "comment", "blank", "total"
"/Users/maksym/Documents/Projects/Roomly/frontend/src/app/app.config.ts", "TypeScript", 0, 23, 0, 0, 3, 26
"/Users/maksym/Documents/Projects/Roomly/frontend/src/app/app.css", "PostCSS", 0, 0, 4, 0, 1, 5
"/Users/maksym/Documents/Projects/Roomly/frontend/src/app/app.html", "HTML", 1, 0, 0, 0, 1, 2
"/Users/maksym/Documents/Projects/Roomly/frontend/src/app/app.routes.ts", "TypeScript", 0, 43, 0, 0, 2, 45
"/Users/maksym/Documents/Projects/Roomly/frontend/src/app/app.ts", "TypeScript", 0, 10, 0, 0, 2, 12
"/Users/maksym/Documents/Projects/Roomly/frontend/src/app/core/environment/config.constants.ts", "TypeScript", 0, 2, 0, 0, 1, 3
"/Users/maksym/Documents/Projects/Roomly/frontend/src/app/core/guards/auth.guard.ts", "TypeScript", 0, 30, 0, 0, 6, 36
"/Users/maksym/Documents/Projects/Roomly/frontend/src/app/core/guards/notauth.guard.ts", "TypeScript", 0, 30, 0, 0, 6, 36
"/Users/maksym/Documents/Projects/Roomly/frontend/src/app/core/http/interceptors.ts", "TypeScript", 0, 52, 0, 2, 8, 62
"/Users/maksym/Documents/Projects/Roomly/frontend/src/app/core/services/auth.service.ts", "TypeScript", 0, 33, 0, 0, 8, 41
"/Users/maksym/Documents/Projects/Roomly/frontend/src/app/core/services/main.service.ts", "TypeScript", 0, 44, 0, 0, 7, 51
"/Users/maksym/Documents/Projects/Roomly/frontend/src/app/core/services/navigation.service.ts", "TypeScript", 0, 20, 0, 0, 4, 24
"/Users/maksym/Documents/Projects/Roomly/frontend/src/app/core/services/notification.service.ts", "TypeScript", 0, 14, 0, 0, 3, 17
"/Users/maksym/Documents/Projects/Roomly/frontend/src/app/core/services/route-context.service.ts", "TypeScript", 0, 28, 0, 0, 6, 34
"/Users/maksym/Documents/Projects/Roomly/frontend/src/app/core/types/Icons.enum.ts", "TypeScript", 0, 192, 0, 1, 1, 194
"/Users/maksym/Documents/Projects/Roomly/frontend/src/app/core/types/Image.type.ts", "TypeScript", 0, 4, 0, 0, 1, 5
"/Users/maksym/Documents/Projects/Roomly/frontend/src/app/core/types/Node.type.ts", "TypeScript", 0, 10, 0, 0, 2, 12
"/Users/maksym/Documents/Projects/Roomly/frontend/src/app/core/types/Notification.type.ts", "TypeScript", 0, 6, 0, 0, 1, 7
"/Users/maksym/Documents/Projects/Roomly/frontend/src/app/core/types/Page.type.ts", "TypeScript", 0, 9, 0, 0, 3, 12
"/Users/maksym/Documents/Projects/Roomly/frontend/src/app/core/utils/buildTree.ts", "TypeScript", 0, 35, 0, 2, 8, 45
"/Users/maksym/Documents/Projects/Roomly/frontend/src/app/core/utils/cleanObject.ts", "TypeScript", 0, 11, 0, 0, 1, 12
"/Users/maksym/Documents/Projects/Roomly/frontend/src/app/core/utils/groupBy.ts", "TypeScript", 0, 10, 0, 0, 1, 11
"/Users/maksym/Documents/Projects/Roomly/frontend/src/app/features/clients/pages/main-page/main-page.css", "PostCSS", 0, 0, 0, 0, 1, 1
"/Users/maksym/Documents/Projects/Roomly/frontend/src/app/features/clients/pages/main-page/main-page.html", "HTML", 1, 0, 0, 0, 1, 2
"/Users/maksym/Documents/Projects/Roomly/frontend/src/app/features/clients/pages/main-page/main-page.ts", "TypeScript", 0, 9, 0, 0, 3, 12
"/Users/maksym/Documents/Projects/Roomly/frontend/src/app/features/clients/routes.ts", "TypeScript", 0, 9, 0, 0, 3, 12
"/Users/maksym/Documents/Projects/Roomly/frontend/src/app/features/dashboard/pages/main-page/main-page.css", "PostCSS", 0, 0, 0, 0, 1, 1
"/Users/maksym/Documents/Projects/Roomly/frontend/src/app/features/dashboard/pages/main-page/main-page.html", "HTML", 1, 0, 0, 0, 1, 2
"/Users/maksym/Documents/Projects/Roomly/frontend/src/app/features/dashboard/pages/main-page/main-page.ts", "TypeScript", 0, 9, 0, 0, 3, 12
"/Users/maksym/Documents/Projects/Roomly/frontend/src/app/features/dashboard/routes.ts", "TypeScript", 0, 13, 0, 0, 3, 16
"/Users/maksym/Documents/Projects/Roomly/frontend/src/app/features/games/components/game/game.css", "PostCSS", 0, 0, 46, 0, 12, 58
"/Users/maksym/Documents/Projects/Roomly/frontend/src/app/features/games/components/game/game.html", "HTML", 23, 0, 0, 0, 1, 24
"/Users/maksym/Documents/Projects/Roomly/frontend/src/app/features/games/components/game/game.ts", "TypeScript", 0, 17, 0, 0, 4, 21
"/Users/maksym/Documents/Projects/Roomly/frontend/src/app/features/games/model/Game.type.ts", "TypeScript", 0, 16, 0, 0, 1, 17
"/Users/maksym/Documents/Projects/Roomly/frontend/src/app/features/games/pages/main-page/main-page.css", "PostCSS", 0, 0, 43, 0, 7, 50
"/Users/maksym/Documents/Projects/Roomly/frontend/src/app/features/games/pages/main-page/main-page.html", "HTML", 51, 0, 0, 0, 3, 54
"/Users/maksym/Documents/Projects/Roomly/frontend/src/app/features/games/pages/main-page/main-page.ts", "TypeScript", 0, 21, 0, 0, 2, 23
"/Users/maksym/Documents/Projects/Roomly/frontend/src/app/features/games/routes.ts", "TypeScript", 0, 9, 0, 0, 3, 12
"/Users/maksym/Documents/Projects/Roomly/frontend/src/app/features/games/services/games.service.ts", "TypeScript", 0, 25, 0, 0, 5, 30
"/Users/maksym/Documents/Projects/Roomly/frontend/src/app/features/org-selection/org-selection.css", "PostCSS", 0, 0, 34, 0, 7, 41
"/Users/maksym/Documents/Projects/Roomly/frontend/src/app/features/org-selection/org-selection.html", "HTML", 10, 0, 0, 0, 1, 11
"/Users/maksym/Documents/Projects/Roomly/frontend/src/app/features/org-selection/org-selection.ts", "TypeScript", 0, 19, 0, 0, 5, 24
"/Users/maksym/Documents/Projects/Roomly/frontend/src/app/features/sessions/pages/main-page/main-page.css", "PostCSS", 0, 0, 0, 0, 1, 1
"/Users/maksym/Documents/Projects/Roomly/frontend/src/app/features/sessions/pages/main-page/main-page.html", "HTML", 1, 0, 0, 0, 1, 2
"/Users/maksym/Documents/Projects/Roomly/frontend/src/app/features/sessions/pages/main-page/main-page.ts", "TypeScript", 0, 9, 0, 0, 3, 12
"/Users/maksym/Documents/Projects/Roomly/frontend/src/app/features/sessions/routes.ts", "TypeScript", 0, 9, 0, 0, 3, 12
"/Users/maksym/Documents/Projects/Roomly/frontend/src/app/features/settings/pages/main-page/main-page.css", "PostCSS", 0, 0, 0, 0, 1, 1
"/Users/maksym/Documents/Projects/Roomly/frontend/src/app/features/settings/pages/main-page/main-page.html", "HTML", 1, 0, 0, 0, 1, 2
"/Users/maksym/Documents/Projects/Roomly/frontend/src/app/features/settings/pages/main-page/main-page.ts", "TypeScript", 0, 9, 0, 0, 3, 12
"/Users/maksym/Documents/Projects/Roomly/frontend/src/app/features/settings/routes.ts", "TypeScript", 0, 9, 0, 0, 3, 12
"/Users/maksym/Documents/Projects/Roomly/frontend/src/app/features/template/routes.ts", "TypeScript", 0, 0, 0, 9, 1, 10
"/Users/maksym/Documents/Projects/Roomly/frontend/src/app/features/users/pages/main-page/main-page.css", "PostCSS", 0, 0, 0, 0, 1, 1
"/Users/maksym/Documents/Projects/Roomly/frontend/src/app/features/users/pages/main-page/main-page.html", "HTML", 1, 0, 0, 0, 1, 2
"/Users/maksym/Documents/Projects/Roomly/frontend/src/app/features/users/pages/main-page/main-page.ts", "TypeScript", 0, 9, 0, 0, 3, 12
"/Users/maksym/Documents/Projects/Roomly/frontend/src/app/features/users/routes.ts", "TypeScript", 0, 9, 0, 0, 3, 12
"/Users/maksym/Documents/Projects/Roomly/frontend/src/app/layout/components/firms/firms.css", "PostCSS", 0, 0, 9, 0, 6, 15
"/Users/maksym/Documents/Projects/Roomly/frontend/src/app/layout/components/firms/firms.html", "HTML", 4, 0, 0, 0, 1, 5
"/Users/maksym/Documents/Projects/Roomly/frontend/src/app/layout/components/firms/firms.ts", "TypeScript", 0, 32, 0, 0, 6, 38
"/Users/maksym/Documents/Projects/Roomly/frontend/src/app/layout/components/footer/footer.css", "PostCSS", 0, 0, 8, 0, 2, 10
"/Users/maksym/Documents/Projects/Roomly/frontend/src/app/layout/components/footer/footer.html", "HTML", 2, 0, 0, 0, 1, 3
"/Users/maksym/Documents/Projects/Roomly/frontend/src/app/layout/components/footer/footer.ts", "TypeScript", 0, 9, 0, 0, 3, 12
"/Users/maksym/Documents/Projects/Roomly/frontend/src/app/layout/components/navigation/navigation.css", "PostCSS", 0, 0, 28, 0, 6, 34
"/Users/maksym/Documents/Projects/Roomly/frontend/src/app/layout/components/navigation/navigation.html", "HTML", 17, 0, 0, 0, 1, 18
"/Users/maksym/Documents/Projects/Roomly/frontend/src/app/layout/components/navigation/navigation.ts", "TypeScript", 0, 68, 0, 10, 4, 82
"/Users/maksym/Documents/Projects/Roomly/frontend/src/app/layout/components/organization/organization.css", "PostCSS", 0, 0, 9, 0, 3, 12
"/Users/maksym/Documents/Projects/Roomly/frontend/src/app/layout/components/organization/organization.html", "HTML", 2, 0, 0, 0, 1, 3
"/Users/maksym/Documents/Projects/Roomly/frontend/src/app/layout/components/organization/organization.ts", "TypeScript", 0, 22, 0, 0, 4, 26
"/Users/maksym/Documents/Projects/Roomly/frontend/src/app/layout/layout.css", "PostCSS", 0, 0, 37, 0, 6, 43
"/Users/maksym/Documents/Projects/Roomly/frontend/src/app/layout/layout.html", "HTML", 19, 0, 0, 0, 2, 21
"/Users/maksym/Documents/Projects/Roomly/frontend/src/app/layout/layout.ts", "TypeScript", 0, 35, 0, 0, 3, 38
"/Users/maksym/Documents/Projects/Roomly/frontend/src/app/shared/directives/click-outside.ts", "TypeScript", 0, 26, 0, 0, 6, 32
"/Users/maksym/Documents/Projects/Roomly/frontend/src/app/shared/directives/visibleOnce.ts", "TypeScript", 0, 33, 0, 0, 6, 39
"/Users/maksym/Documents/Projects/Roomly/frontend/src/app/shared/pipes/fileToDataUrl.pipe.ts", "TypeScript", 0, 16, 0, 0, 3, 19
"/Users/maksym/Documents/Projects/Roomly/frontend/src/app/shared/pipes/img.pipe.ts", "TypeScript", 0, 25, 0, 0, 3, 28
"/Users/maksym/Documents/Projects/Roomly/frontend/src/app/shared/ui/block/block.css", "PostCSS", 0, 0, 11, 1, 5, 17
"/Users/maksym/Documents/Projects/Roomly/frontend/src/app/shared/ui/block/block.html", "HTML", 1, 0, 0, 0, 1, 2
"/Users/maksym/Documents/Projects/Roomly/frontend/src/app/shared/ui/block/block.ts", "TypeScript", 0, 10, 0, 0, 3, 13
"/Users/maksym/Documents/Projects/Roomly/frontend/src/app/shared/ui/image-gallery/image-gallery.css", "PostCSS", 0, 0, 13, 0, 5, 18
"/Users/maksym/Documents/Projects/Roomly/frontend/src/app/shared/ui/image-gallery/image-gallery.html", "HTML", 3, 0, 0, 0, 1, 4
"/Users/maksym/Documents/Projects/Roomly/frontend/src/app/shared/ui/image-gallery/image-gallery.ts", "TypeScript", 0, 12, 0, 0, 3, 15
"/Users/maksym/Documents/Projects/Roomly/frontend/src/app/shared/ui/modal/modal.css", "PostCSS", 0, 0, 31, 0, 5, 36
"/Users/maksym/Documents/Projects/Roomly/frontend/src/app/shared/ui/modal/modal.html", "HTML", 6, 0, 0, 0, 0, 6
"/Users/maksym/Documents/Projects/Roomly/frontend/src/app/shared/ui/modal/modal.ts", "TypeScript", 0, 11, 0, 0, 4, 15
"/Users/maksym/Documents/Projects/Roomly/frontend/src/app/shared/ui/notifications/notifications.css", "PostCSS", 0, 0, 61, 0, 13, 74
"/Users/maksym/Documents/Projects/Roomly/frontend/src/app/shared/ui/notifications/notifications.html", "HTML", 11, 0, 0, 0, 2, 13
"/Users/maksym/Documents/Projects/Roomly/frontend/src/app/shared/ui/notifications/notifications.ts", "TypeScript", 0, 17, 0, 0, 3, 20
"/Users/maksym/Documents/Projects/Roomly/frontend/src/app/shared/ui/search-bar/search-bar.css", "PostCSS", 0, 0, 24, 0, 4, 28
"/Users/maksym/Documents/Projects/Roomly/frontend/src/app/shared/ui/search-bar/search-bar.html", "HTML", 20, 0, 0, 0, 2, 22
"/Users/maksym/Documents/Projects/Roomly/frontend/src/app/shared/ui/search-bar/search-bar.ts", "TypeScript", 0, 38, 0, 0, 9, 47
"/Users/maksym/Documents/Projects/Roomly/frontend/src/app/shared/ui/select/select.css", "PostCSS", 0, 0, 79, 1, 15, 95
"/Users/maksym/Documents/Projects/Roomly/frontend/src/app/shared/ui/select/select.html", "HTML", 54, 0, 0, 0, 2, 56
"/Users/maksym/Documents/Projects/Roomly/frontend/src/app/shared/ui/select/select.ts", "TypeScript", 0, 90, 0, 0, 19, 109
"/Users/maksym/Documents/Projects/Roomly/frontend/src/app/shared/ui/tag/tag.css", "PostCSS", 0, 0, 23, 0, 7, 30
"/Users/maksym/Documents/Projects/Roomly/frontend/src/app/shared/ui/tag/tag.html", "HTML", 4, 0, 0, 0, 1, 5
"/Users/maksym/Documents/Projects/Roomly/frontend/src/app/shared/ui/tag/tag.ts", "TypeScript", 0, 31, 0, 0, 9, 40
"/Users/maksym/Documents/Projects/Roomly/frontend/src/app/shared/ui/tree/tree.css", "PostCSS", 0, 0, 41, 0, 5, 46
"/Users/maksym/Documents/Projects/Roomly/frontend/src/app/shared/ui/tree/tree.html", "HTML", 27, 0, 0, 0, 1, 28
"/Users/maksym/Documents/Projects/Roomly/frontend/src/app/shared/ui/tree/tree.ts", "TypeScript", 0, 19, 0, 0, 2, 21
"/Users/maksym/Documents/Projects/Roomly/frontend/src/index.html", "HTML", 12, 0, 0, 0, 1, 13
"/Users/maksym/Documents/Projects/Roomly/frontend/src/main.ts", "TypeScript", 0, 5, 0, 0, 2, 7
"/Users/maksym/Documents/Projects/Roomly/frontend/src/styles.css", "PostCSS", 0, 0, 140, 2, 28, 170
"Total", "-", 272, 1306, 641, 28, 387, 2634